<application>
  <component name="FindSettings">
    <option name="caseSensitive" value="true" />
    <option name="customScope" value="Project and Libraries" />
    <option name="defaultScopeName" value="Project and Libraries" />
    <option name="regularExpressions" value="true" />
    <option name="wholeWordsOnly" value="true" />
    <option name="CASE_SENSITIVE_SEARCH" value="true" />
    <option name="WHOLE_WORDS_ONLY" value="true" />
    <option name="REGULAR_EXPRESSIONS" value="true" />
    <option name="SEARCH_SCOPE" value="Project and Libraries" />
    <mask>*.test.js</mask>
    <mask>*.html</mask>
    <mask>*.sql</mask>
    <mask>*.css</mask>
    <mask>*.js</mask>
    <mask>*.js,!*.spec.js</mask>
    <mask>*.json</mask>
    <mask>*.java</mask>
  </component>
</application>