<application>
  <component name="NodeJsLocalInterpreterManager">
    <local-interpreter path="/usr/local/bin/node">
      <version-cache version="21.6.1" last-modified="1707428018880" />
    </local-interpreter>
    <local-interpreter path="/usr/local/Cellar/node/21.6.1/bin/node">
      <version-cache version="21.6.1" last-modified="1707428018880" />
    </local-interpreter>
    <local-interpreter path="/usr/local/Cellar/node/19.4.0/bin/node">
      <version-cache last-modified="0" />
    </local-interpreter>
    <local-interpreter path="/usr/local/Cellar/node/19.2.0/bin/node">
      <version-cache last-modified="0" />
    </local-interpreter>
    <local-interpreter path="$USER_HOME$/.nvm/versions/node/v16.15.0/bin/node">
      <version-cache version="16.15.0" last-modified="1651016399000" />
    </local-interpreter>
    <local-interpreter path="$USER_HOME$/.nvm/versions/node/v16.13.2/bin/node">
      <version-cache version="16.13.2" last-modified="1641853760000" />
    </local-interpreter>
    <local-interpreter path="$USER_HOME$/.nvm/versions/node/v12.14.0/bin/node">
      <version-cache version="12.14.0" last-modified="1576567284000" />
    </local-interpreter>
    <local-interpreter path="$USER_HOME$/.nvm/versions/node/v8.9.0/bin/node">
      <version-cache version="8.9.0" last-modified="1509467518000" />
    </local-interpreter>
  </component>
</application>