<toolSet name="External Tools">
  <tool name="vault_login" showInMainMenu="false" showInEditor="false" showInProject="false" showInSearchPopup="false" disabled="true" useConsole="true" showConsoleOnStdOut="false" showConsoleOnStdErr="true" synchronizeAfterRun="true">
    <exec>
      <option name="COMMAND" value="vault" />
      <option name="PARAMETERS" value="login -method=ldap username=thong.nguyen password=Lionheart00!" />
      <option name="WORKING_DIRECTORY" value="$ProjectFileDir$" />
    </exec>
  </tool>
  <tool name="vaultify" description="Launch vaultify" showInMainMenu="false" showInEditor="false" showInProject="false" showInSearchPopup="false" disabled="false" useConsole="true" showConsoleOnStdOut="false" showConsoleOnStdErr="false" synchronizeAfterRun="true">
    <exec>
      <option name="COMMAND" value="vaultify" />
      <option name="PARAMETERS" />
      <option name="WORKING_DIRECTORY" />
    </exec>
  </tool>
</toolSet>